,alpha,beta,r_squared,residual_std,estimation_period
Sun Pharma,0.00028422651574562237,1.0983571100987317,0.6335779901049843,0.010464429916884647,250
Biocon,0.0003173294647558841,0.9013739231315226,0.5332180983050483,0.010403903823392808,250
Dr. Reddy's,-0.00048267954044406674,0.9828429660950952,0.588254430563159,0.010387980236649831,250
